Decile,Sample,Value
1,s_C_V7KV1F_N001_d,2
2,s_C_V7KV1F_N001_d,133
3,s_C_V7KV1F_N001_d,158
4,s_C_V7KV1F_N001_d,180
5,s_C_V7KV1F_N001_d,202
6,s_C_V7KV1F_N001_d,226
7,s_C_V7KV1F_N001_d,251
8,s_C_V7KV1F_N001_d,280
9,s_C_V7KV1F_N001_d,317
10,s_C_V7KV1F_N001_d,372
11,s_C_V7KV1F_N001_d,846
1,s_C_XNY8VN_N001_d,2
2,s_C_XNY8VN_N001_d,75
3,s_C_XNY8VN_N001_d,93
4,s_C_XNY8VN_N001_d,107
5,s_C_XNY8VN_N001_d,119
6,s_C_XNY8VN_N001_d,132
7,s_C_XNY8VN_N001_d,146
8,s_C_XNY8VN_N001_d,163
9,s_C_XNY8VN_N001_d,185
10,s_C_XNY8VN_N001_d,219
11,s_C_XNY8VN_N001_d,492
1,s_C_FCV3TX_N001_d,2
2,s_C_FCV3TX_N001_d,133
3,s_C_FCV3TX_N001_d,157
4,s_C_FCV3TX_N001_d,179
5,s_C_FCV3TX_N001_d,201
6,s_C_FCV3TX_N001_d,224
7,s_C_FCV3TX_N001_d,249
8,s_C_FCV3TX_N001_d,279
9,s_C_FCV3TX_N001_d,316
10,s_C_FCV3TX_N001_d,371
11,s_C_FCV3TX_N001_d,844
1,s_C_T0F2EP_N001_d,2
2,s_C_T0F2EP_N001_d,131
3,s_C_T0F2EP_N001_d,154
4,s_C_T0F2EP_N001_d,175
5,s_C_T0F2EP_N001_d,196
6,s_C_T0F2EP_N001_d,218
7,s_C_T0F2EP_N001_d,242
8,s_C_T0F2EP_N001_d,269
9,s_C_T0F2EP_N001_d,304
10,s_C_T0F2EP_N001_d,356
11,s_C_T0F2EP_N001_d,808
1,s_C_T2VHJ6_N001_d,2
2,s_C_T2VHJ6_N001_d,130
3,s_C_T2VHJ6_N001_d,168
4,s_C_T2VHJ6_N001_d,200
5,s_C_T2VHJ6_N001_d,231
6,s_C_T2VHJ6_N001_d,261
7,s_C_T2VHJ6_N001_d,293
8,s_C_T2VHJ6_N001_d,330
9,s_C_T2VHJ6_N001_d,375
10,s_C_T2VHJ6_N001_d,442
11,s_C_T2VHJ6_N001_d,1081
1,s_C_4LDR7M_N001_d,2
2,s_C_4LDR7M_N001_d,64
3,s_C_4LDR7M_N001_d,78
4,s_C_4LDR7M_N001_d,90
5,s_C_4LDR7M_N001_d,102
6,s_C_4LDR7M_N001_d,114
7,s_C_4LDR7M_N001_d,128
8,s_C_4LDR7M_N001_d,143
9,s_C_4LDR7M_N001_d,163
10,s_C_4LDR7M_N001_d,193
11,s_C_4LDR7M_N001_d,444
1,s_C_RMJ2HJ_N001_d,2
2,s_C_RMJ2HJ_N001_d,106
3,s_C_RMJ2HJ_N001_d,124
4,s_C_RMJ2HJ_N001_d,139
5,s_C_RMJ2HJ_N001_d,155
6,s_C_RMJ2HJ_N001_d,171
7,s_C_RMJ2HJ_N001_d,189
8,s_C_RMJ2HJ_N001_d,211
9,s_C_RMJ2HJ_N001_d,239
10,s_C_RMJ2HJ_N001_d,282
11,s_C_RMJ2HJ_N001_d,611
1,s_C_DHAR9P_N001_d,2
2,s_C_DHAR9P_N001_d,87
3,s_C_DHAR9P_N001_d,106
4,s_C_DHAR9P_N001_d,119
5,s_C_DHAR9P_N001_d,132
6,s_C_DHAR9P_N001_d,145
7,s_C_DHAR9P_N001_d,159
8,s_C_DHAR9P_N001_d,175
9,s_C_DHAR9P_N001_d,197
10,s_C_DHAR9P_N001_d,231
11,s_C_DHAR9P_N001_d,505
1,s_C_K77HCW_N001_d,2
2,s_C_K77HCW_N001_d,131
3,s_C_K77HCW_N001_d,154
4,s_C_K77HCW_N001_d,175
5,s_C_K77HCW_N001_d,196
6,s_C_K77HCW_N001_d,218
7,s_C_K77HCW_N001_d,242
8,s_C_K77HCW_N001_d,269
9,s_C_K77HCW_N001_d,304
10,s_C_K77HCW_N001_d,356
11,s_C_K77HCW_N001_d,808
1,s_C_006194_N001_d,2
2,s_C_006194_N001_d,129
3,s_C_006194_N001_d,153
4,s_C_006194_N001_d,174
5,s_C_006194_N001_d,195
6,s_C_006194_N001_d,217
7,s_C_006194_N001_d,241
8,s_C_006194_N001_d,270
9,s_C_006194_N001_d,305
10,s_C_006194_N001_d,357
11,s_C_006194_N001_d,817
1,s_C_323C2E_N001_d,2
2,s_C_323C2E_N001_d,134
3,s_C_323C2E_N001_d,159
4,s_C_323C2E_N001_d,182
5,s_C_323C2E_N001_d,204
6,s_C_323C2E_N001_d,227
7,s_C_323C2E_N001_d,253
8,s_C_323C2E_N001_d,282
9,s_C_323C2E_N001_d,320
10,s_C_323C2E_N001_d,375
11,s_C_323C2E_N001_d,857
1,s_C_050RR4_N001_d,2
2,s_C_050RR4_N001_d,115
3,s_C_050RR4_N001_d,137
4,s_C_050RR4_N001_d,156
5,s_C_050RR4_N001_d,174
6,s_C_050RR4_N001_d,194
7,s_C_050RR4_N001_d,216
8,s_C_050RR4_N001_d,242
9,s_C_050RR4_N001_d,276
10,s_C_050RR4_N001_d,328
11,s_C_050RR4_N001_d,734
1,s_C_A18L6Y_N002_d,2
2,s_C_A18L6Y_N002_d,160
3,s_C_A18L6Y_N002_d,200
4,s_C_A18L6Y_N002_d,237
5,s_C_A18L6Y_N002_d,272
6,s_C_A18L6Y_N002_d,309
7,s_C_A18L6Y_N002_d,348
8,s_C_A18L6Y_N002_d,394
9,s_C_A18L6Y_N002_d,451
10,s_C_A18L6Y_N002_d,535
11,s_C_A18L6Y_N002_d,1292
1,s_C_NKCHT1_N001_d,2
2,s_C_NKCHT1_N001_d,69
3,s_C_NKCHT1_N001_d,86
4,s_C_NKCHT1_N001_d,100
5,s_C_NKCHT1_N001_d,112
6,s_C_NKCHT1_N001_d,124
7,s_C_NKCHT1_N001_d,136
8,s_C_NKCHT1_N001_d,151
9,s_C_NKCHT1_N001_d,169
10,s_C_NKCHT1_N001_d,197
11,s_C_NKCHT1_N001_d,454
1,s_C_7WH89J_N001_d,2
2,s_C_7WH89J_N001_d,57
3,s_C_7WH89J_N001_d,69
4,s_C_7WH89J_N001_d,80
5,s_C_7WH89J_N001_d,90
6,s_C_7WH89J_N001_d,101
7,s_C_7WH89J_N001_d,113
8,s_C_7WH89J_N001_d,126
9,s_C_7WH89J_N001_d,144
10,s_C_7WH89J_N001_d,171
11,s_C_7WH89J_N001_d,391
1,s_C_3R3P4M_N001_d,2
2,s_C_3R3P4M_N001_d,97
3,s_C_3R3P4M_N001_d,119
4,s_C_3R3P4M_N001_d,137
5,s_C_3R3P4M_N001_d,154
6,s_C_3R3P4M_N001_d,171
7,s_C_3R3P4M_N001_d,190
8,s_C_3R3P4M_N001_d,212
9,s_C_3R3P4M_N001_d,240
10,s_C_3R3P4M_N001_d,282
11,s_C_3R3P4M_N001_d,651
1,s_C_4V98UM_N001_d,2
2,s_C_4V98UM_N001_d,92
3,s_C_4V98UM_N001_d,112
4,s_C_4V98UM_N001_d,129
5,s_C_4V98UM_N001_d,146
6,s_C_4V98UM_N001_d,162
7,s_C_4V98UM_N001_d,180
8,s_C_4V98UM_N001_d,200
9,s_C_4V98UM_N001_d,226
10,s_C_4V98UM_N001_d,264
11,s_C_4V98UM_N001_d,612
1,s_C_V5CJN6_N001_d,2
2,s_C_V5CJN6_N001_d,95
3,s_C_V5CJN6_N001_d,113
4,s_C_V5CJN6_N001_d,128
5,s_C_V5CJN6_N001_d,143
6,s_C_V5CJN6_N001_d,159
7,s_C_V5CJN6_N001_d,176
8,s_C_V5CJN6_N001_d,197
9,s_C_V5CJN6_N001_d,225
10,s_C_V5CJN6_N001_d,267
11,s_C_V5CJN6_N001_d,589
1,s_C_039N6D_N001_d,2
2,s_C_039N6D_N001_d,57
3,s_C_039N6D_N001_d,69
4,s_C_039N6D_N001_d,79
5,s_C_039N6D_N001_d,90
6,s_C_039N6D_N001_d,100
7,s_C_039N6D_N001_d,111
8,s_C_039N6D_N001_d,125
9,s_C_039N6D_N001_d,141
10,s_C_039N6D_N001_d,167
11,s_C_039N6D_N001_d,380
1,s_C_DRN9KE_N001_d,2
2,s_C_DRN9KE_N001_d,64
3,s_C_DRN9KE_N001_d,78
4,s_C_DRN9KE_N001_d,90
5,s_C_DRN9KE_N001_d,101
6,s_C_DRN9KE_N001_d,112
7,s_C_DRN9KE_N001_d,124
8,s_C_DRN9KE_N001_d,138
9,s_C_DRN9KE_N001_d,156
10,s_C_DRN9KE_N001_d,184
11,s_C_DRN9KE_N001_d,423
1,s_C_T74FN2_N001_d,2
2,s_C_T74FN2_N001_d,142
3,s_C_T74FN2_N001_d,173
4,s_C_T74FN2_N001_d,201
5,s_C_T74FN2_N001_d,229
6,s_C_T74FN2_N001_d,257
7,s_C_T74FN2_N001_d,288
8,s_C_T74FN2_N001_d,323
9,s_C_T74FN2_N001_d,367
10,s_C_T74FN2_N001_d,433
11,s_C_T74FN2_N001_d,1017
1,s_C_H2ACV6_N001_d,2
2,s_C_H2ACV6_N001_d,65
3,s_C_H2ACV6_N001_d,79
4,s_C_H2ACV6_N001_d,91
5,s_C_H2ACV6_N001_d,103
6,s_C_H2ACV6_N001_d,114
7,s_C_H2ACV6_N001_d,126
8,s_C_H2ACV6_N001_d,140
9,s_C_H2ACV6_N001_d,157
10,s_C_H2ACV6_N001_d,184
11,s_C_H2ACV6_N001_d,424
1,s_C_7KWKUJ_N001_d,2
2,s_C_7KWKUJ_N001_d,71
3,s_C_7KWKUJ_N001_d,85
4,s_C_7KWKUJ_N001_d,97
5,s_C_7KWKUJ_N001_d,107
6,s_C_7KWKUJ_N001_d,117
7,s_C_7KWKUJ_N001_d,128
8,s_C_7KWKUJ_N001_d,140
9,s_C_7KWKUJ_N001_d,156
10,s_C_7KWKUJ_N001_d,180
11,s_C_7KWKUJ_N001_d,397
1,s_C_9F3EV4_N001_d,2
2,s_C_9F3EV4_N001_d,62
3,s_C_9F3EV4_N001_d,74
4,s_C_9F3EV4_N001_d,84
5,s_C_9F3EV4_N001_d,94
6,s_C_9F3EV4_N001_d,103
7,s_C_9F3EV4_N001_d,113
8,s_C_9F3EV4_N001_d,124
9,s_C_9F3EV4_N001_d,138
10,s_C_9F3EV4_N001_d,159
11,s_C_9F3EV4_N001_d,353
1,s_C_C8X2Y2_N001_d,2
2,s_C_C8X2Y2_N001_d,114
3,s_C_C8X2Y2_N001_d,141
4,s_C_C8X2Y2_N001_d,164
5,s_C_C8X2Y2_N001_d,186
6,s_C_C8X2Y2_N001_d,209
7,s_C_C8X2Y2_N001_d,234
8,s_C_C8X2Y2_N001_d,262
9,s_C_C8X2Y2_N001_d,298
10,s_C_C8X2Y2_N001_d,350
11,s_C_C8X2Y2_N001_d,829
1,s_C_78NDH0_N001_d,2
2,s_C_78NDH0_N001_d,136
3,s_C_78NDH0_N001_d,162
4,s_C_78NDH0_N001_d,185
5,s_C_78NDH0_N001_d,208
6,s_C_78NDH0_N001_d,233
7,s_C_78NDH0_N001_d,259
8,s_C_78NDH0_N001_d,290
9,s_C_78NDH0_N001_d,328
10,s_C_78NDH0_N001_d,385
11,s_C_78NDH0_N001_d,883
1,s_C_7PTX9U_N001_d,2
2,s_C_7PTX9U_N001_d,73
3,s_C_7PTX9U_N001_d,89
4,s_C_7PTX9U_N001_d,101
5,s_C_7PTX9U_N001_d,112
6,s_C_7PTX9U_N001_d,122
7,s_C_7PTX9U_N001_d,134
8,s_C_7PTX9U_N001_d,148
9,s_C_7PTX9U_N001_d,166
10,s_C_7PTX9U_N001_d,195
11,s_C_7PTX9U_N001_d,423
1,s_C_EUR64H_N001_d,2
2,s_C_EUR64H_N001_d,135
3,s_C_EUR64H_N001_d,160
4,s_C_EUR64H_N001_d,182
5,s_C_EUR64H_N001_d,204
6,s_C_EUR64H_N001_d,226
7,s_C_EUR64H_N001_d,251
8,s_C_EUR64H_N001_d,279
9,s_C_EUR64H_N001_d,315
10,s_C_EUR64H_N001_d,368
11,s_C_EUR64H_N001_d,836
1,s_C_3RDERW_N001_d,2
2,s_C_3RDERW_N001_d,90
3,s_C_3RDERW_N001_d,109
4,s_C_3RDERW_N001_d,124
5,s_C_3RDERW_N001_d,139
6,s_C_3RDERW_N001_d,155
7,s_C_3RDERW_N001_d,173
8,s_C_3RDERW_N001_d,195
9,s_C_3RDERW_N001_d,224
10,s_C_3RDERW_N001_d,272
11,s_C_3RDERW_N001_d,595
1,s_C_MA94C5_N001_d,2
2,s_C_MA94C5_N001_d,128
3,s_C_MA94C5_N001_d,150
4,s_C_MA94C5_N001_d,171
5,s_C_MA94C5_N001_d,191
6,s_C_MA94C5_N001_d,213
7,s_C_MA94C5_N001_d,236
8,s_C_MA94C5_N001_d,263
9,s_C_MA94C5_N001_d,297
10,s_C_MA94C5_N001_d,348
11,s_C_MA94C5_N001_d,790
1,s_C_ULFWWC_N001_d,2
2,s_C_ULFWWC_N001_d,61
3,s_C_ULFWWC_N001_d,75
4,s_C_ULFWWC_N001_d,88
5,s_C_ULFWWC_N001_d,100
6,s_C_ULFWWC_N001_d,111
7,s_C_ULFWWC_N001_d,123
8,s_C_ULFWWC_N001_d,137
9,s_C_ULFWWC_N001_d,154
10,s_C_ULFWWC_N001_d,182
11,s_C_ULFWWC_N001_d,431
1,s_C_VW67YL_N001_d,2
2,s_C_VW67YL_N001_d,131
3,s_C_VW67YL_N001_d,167
4,s_C_VW67YL_N001_d,198
5,s_C_VW67YL_N001_d,227
6,s_C_VW67YL_N001_d,255
7,s_C_VW67YL_N001_d,284
8,s_C_VW67YL_N001_d,318
9,s_C_VW67YL_N001_d,358
10,s_C_VW67YL_N001_d,418
11,s_C_VW67YL_N001_d,1015
1,s_C_TFJ5P5_N001_d,2
2,s_C_TFJ5P5_N001_d,78
3,s_C_TFJ5P5_N001_d,98
4,s_C_TFJ5P5_N001_d,113
5,s_C_TFJ5P5_N001_d,128
6,s_C_TFJ5P5_N001_d,143
7,s_C_TFJ5P5_N001_d,161
8,s_C_TFJ5P5_N001_d,181
9,s_C_TFJ5P5_N001_d,209
10,s_C_TFJ5P5_N001_d,252
11,s_C_TFJ5P5_N001_d,574
1,s_C_VCDV71_N002_d,2
2,s_C_VCDV71_N002_d,88
3,s_C_VCDV71_N002_d,109
4,s_C_VCDV71_N002_d,128
5,s_C_VCDV71_N002_d,145
6,s_C_VCDV71_N002_d,163
7,s_C_VCDV71_N002_d,183
8,s_C_VCDV71_N002_d,207
9,s_C_VCDV71_N002_d,237
10,s_C_VCDV71_N002_d,287
11,s_C_VCDV71_N002_d,664
1,s_C_67P748_N001_d,2
2,s_C_67P748_N001_d,130
3,s_C_67P748_N001_d,155
4,s_C_67P748_N001_d,177
5,s_C_67P748_N001_d,199
6,s_C_67P748_N001_d,222
7,s_C_67P748_N001_d,248
8,s_C_67P748_N001_d,277
9,s_C_67P748_N001_d,314
10,s_C_67P748_N001_d,369
11,s_C_67P748_N001_d,842
1,s_C_47KEW8_N001_d,2
2,s_C_47KEW8_N001_d,122
3,s_C_47KEW8_N001_d,158
4,s_C_47KEW8_N001_d,188
5,s_C_47KEW8_N001_d,217
6,s_C_47KEW8_N001_d,246
7,s_C_47KEW8_N001_d,277
8,s_C_47KEW8_N001_d,312
9,s_C_47KEW8_N001_d,356
10,s_C_47KEW8_N001_d,420
11,s_C_47KEW8_N001_d,1035
1,s_C_UXPA68_N001_d,2
2,s_C_UXPA68_N001_d,59
3,s_C_UXPA68_N001_d,72
4,s_C_UXPA68_N001_d,83
5,s_C_UXPA68_N001_d,94
6,s_C_UXPA68_N001_d,105
7,s_C_UXPA68_N001_d,117
8,s_C_UXPA68_N001_d,130
9,s_C_UXPA68_N001_d,148
10,s_C_UXPA68_N001_d,176
11,s_C_UXPA68_N001_d,405
1,s_C_08CU0E_N001_d,2
2,s_C_08CU0E_N001_d,75
3,s_C_08CU0E_N001_d,92
4,s_C_08CU0E_N001_d,106
5,s_C_08CU0E_N001_d,118
6,s_C_08CU0E_N001_d,131
7,s_C_08CU0E_N001_d,145
8,s_C_08CU0E_N001_d,161
9,s_C_08CU0E_N001_d,183
10,s_C_08CU0E_N001_d,216
11,s_C_08CU0E_N001_d,481
1,s_C_2E69UE_N002_d,2
2,s_C_2E69UE_N002_d,91
3,s_C_2E69UE_N002_d,112
4,s_C_2E69UE_N002_d,130
5,s_C_2E69UE_N002_d,147
6,s_C_2E69UE_N002_d,164
7,s_C_2E69UE_N002_d,183
8,s_C_2E69UE_N002_d,206
9,s_C_2E69UE_N002_d,234
10,s_C_2E69UE_N002_d,281
11,s_C_2E69UE_N002_d,645
1,s_C_VPMK73_N001_d,2
2,s_C_VPMK73_N001_d,133
3,s_C_VPMK73_N001_d,157
4,s_C_VPMK73_N001_d,179
5,s_C_VPMK73_N001_d,201
6,s_C_VPMK73_N001_d,223
7,s_C_VPMK73_N001_d,248
8,s_C_VPMK73_N001_d,277
9,s_C_VPMK73_N001_d,313
10,s_C_VPMK73_N001_d,367
11,s_C_VPMK73_N001_d,833
1,s_C_FFDRA3_N001_d,2
2,s_C_FFDRA3_N001_d,129
3,s_C_FFDRA3_N001_d,151
4,s_C_FFDRA3_N001_d,172
5,s_C_FFDRA3_N001_d,192
6,s_C_FFDRA3_N001_d,213
7,s_C_FFDRA3_N001_d,237
8,s_C_FFDRA3_N001_d,263
9,s_C_FFDRA3_N001_d,297
10,s_C_FFDRA3_N001_d,348
11,s_C_FFDRA3_N001_d,783
1,s_C_HUC7FF_N004_d,2
2,s_C_HUC7FF_N004_d,93
3,s_C_HUC7FF_N004_d,115
4,s_C_HUC7FF_N004_d,133
5,s_C_HUC7FF_N004_d,150
6,s_C_HUC7FF_N004_d,167
7,s_C_HUC7FF_N004_d,185
8,s_C_HUC7FF_N004_d,207
9,s_C_HUC7FF_N004_d,234
10,s_C_HUC7FF_N004_d,274
11,s_C_HUC7FF_N004_d,637
1,s_C_UA86LX_N001_d,2
2,s_C_UA86LX_N001_d,97
3,s_C_UA86LX_N001_d,117
4,s_C_UA86LX_N001_d,133
5,s_C_UA86LX_N001_d,148
6,s_C_UA86LX_N001_d,164
7,s_C_UA86LX_N001_d,183
8,s_C_UA86LX_N001_d,205
9,s_C_UA86LX_N001_d,233
10,s_C_UA86LX_N001_d,278
11,s_C_UA86LX_N001_d,615
1,s_C_0JLWJU_N001_d,2
2,s_C_0JLWJU_N001_d,80
3,s_C_0JLWJU_N001_d,96
4,s_C_0JLWJU_N001_d,108
5,s_C_0JLWJU_N001_d,119
6,s_C_0JLWJU_N001_d,130
7,s_C_0JLWJU_N001_d,142
8,s_C_0JLWJU_N001_d,156
9,s_C_0JLWJU_N001_d,174
10,s_C_0JLWJU_N001_d,204
11,s_C_0JLWJU_N001_d,440
1,s_C_RRRVF4_N001_d,2
2,s_C_RRRVF4_N001_d,130
3,s_C_RRRVF4_N001_d,152
4,s_C_RRRVF4_N001_d,172
5,s_C_RRRVF4_N001_d,192
6,s_C_RRRVF4_N001_d,214
7,s_C_RRRVF4_N001_d,237
8,s_C_RRRVF4_N001_d,264
9,s_C_RRRVF4_N001_d,298
10,s_C_RRRVF4_N001_d,348
11,s_C_RRRVF4_N001_d,783
1,s_C_FV3TYM_N001_d,2
2,s_C_FV3TYM_N001_d,138
3,s_C_FV3TYM_N001_d,163
4,s_C_FV3TYM_N001_d,186
5,s_C_FV3TYM_N001_d,208
6,s_C_FV3TYM_N001_d,232
7,s_C_FV3TYM_N001_d,258
8,s_C_FV3TYM_N001_d,287
9,s_C_FV3TYM_N001_d,324
10,s_C_FV3TYM_N001_d,379
11,s_C_FV3TYM_N001_d,861
1,s_C_XEE6T3_N001_d,2
2,s_C_XEE6T3_N001_d,152
3,s_C_XEE6T3_N001_d,186
4,s_C_XEE6T3_N001_d,216
5,s_C_XEE6T3_N001_d,247
6,s_C_XEE6T3_N001_d,279
7,s_C_XEE6T3_N001_d,314
8,s_C_XEE6T3_N001_d,354
9,s_C_XEE6T3_N001_d,402
10,s_C_XEE6T3_N001_d,476
11,s_C_XEE6T3_N001_d,1139
1,s_C_DV4NE2_N001_d,2
2,s_C_DV4NE2_N001_d,130
3,s_C_DV4NE2_N001_d,154
4,s_C_DV4NE2_N001_d,175
5,s_C_DV4NE2_N001_d,197
6,s_C_DV4NE2_N001_d,219
7,s_C_DV4NE2_N001_d,243
8,s_C_DV4NE2_N001_d,272
9,s_C_DV4NE2_N001_d,308
10,s_C_DV4NE2_N001_d,361
11,s_C_DV4NE2_N001_d,819
1,s_C_0XTAKJ_N001_d,2
2,s_C_0XTAKJ_N001_d,130
3,s_C_0XTAKJ_N001_d,153
4,s_C_0XTAKJ_N001_d,174
5,s_C_0XTAKJ_N001_d,195
6,s_C_0XTAKJ_N001_d,217
7,s_C_0XTAKJ_N001_d,242
8,s_C_0XTAKJ_N001_d,270
9,s_C_0XTAKJ_N001_d,305
10,s_C_0XTAKJ_N001_d,357
11,s_C_0XTAKJ_N001_d,807
1,s_C_CD7FXE_N001_d,2
2,s_C_CD7FXE_N001_d,129
3,s_C_CD7FXE_N001_d,151
4,s_C_CD7FXE_N001_d,172
5,s_C_CD7FXE_N001_d,192
6,s_C_CD7FXE_N001_d,214
7,s_C_CD7FXE_N001_d,237
8,s_C_CD7FXE_N001_d,264
9,s_C_CD7FXE_N001_d,298
10,s_C_CD7FXE_N001_d,349
11,s_C_CD7FXE_N001_d,794
1,s_C_RATMA7_N001_d,2
2,s_C_RATMA7_N001_d,64
3,s_C_RATMA7_N001_d,79
4,s_C_RATMA7_N001_d,91
5,s_C_RATMA7_N001_d,103
6,s_C_RATMA7_N001_d,115
7,s_C_RATMA7_N001_d,128
8,s_C_RATMA7_N001_d,143
9,s_C_RATMA7_N001_d,163
10,s_C_RATMA7_N001_d,194
11,s_C_RATMA7_N001_d,445
1,s_C_9KL29X_N001_d,2
2,s_C_9KL29X_N001_d,131
3,s_C_9KL29X_N001_d,154
4,s_C_9KL29X_N001_d,175
5,s_C_9KL29X_N001_d,196
6,s_C_9KL29X_N001_d,218
7,s_C_9KL29X_N001_d,242
8,s_C_9KL29X_N001_d,270
9,s_C_9KL29X_N001_d,305
10,s_C_9KL29X_N001_d,357
11,s_C_9KL29X_N001_d,808
1,s_C_F666AJ_N001_d,2
2,s_C_F666AJ_N001_d,128
3,s_C_F666AJ_N001_d,150
4,s_C_F666AJ_N001_d,170
5,s_C_F666AJ_N001_d,189
6,s_C_F666AJ_N001_d,210
7,s_C_F666AJ_N001_d,232
8,s_C_F666AJ_N001_d,258
9,s_C_F666AJ_N001_d,291
10,s_C_F666AJ_N001_d,340
11,s_C_F666AJ_N001_d,760
1,s_C_PVVLET_N001_d,2
2,s_C_PVVLET_N001_d,57
3,s_C_PVVLET_N001_d,69
4,s_C_PVVLET_N001_d,80
5,s_C_PVVLET_N001_d,90
6,s_C_PVVLET_N001_d,101
7,s_C_PVVLET_N001_d,112
8,s_C_PVVLET_N001_d,126
9,s_C_PVVLET_N001_d,143
10,s_C_PVVLET_N001_d,170
11,s_C_PVVLET_N001_d,391
1,s_C_E6039Y_N001_d,2
2,s_C_E6039Y_N001_d,91
3,s_C_E6039Y_N001_d,110
4,s_C_E6039Y_N001_d,125
5,s_C_E6039Y_N001_d,139
6,s_C_E6039Y_N001_d,153
7,s_C_E6039Y_N001_d,168
8,s_C_E6039Y_N001_d,187
9,s_C_E6039Y_N001_d,211
10,s_C_E6039Y_N001_d,249
11,s_C_E6039Y_N001_d,543
1,s_C_C15KVL_N001_d,2
2,s_C_C15KVL_N001_d,128
3,s_C_C15KVL_N001_d,152
4,s_C_C15KVL_N001_d,173
5,s_C_C15KVL_N001_d,194
6,s_C_C15KVL_N001_d,216
7,s_C_C15KVL_N001_d,241
8,s_C_C15KVL_N001_d,269
9,s_C_C15KVL_N001_d,304
10,s_C_C15KVL_N001_d,357
11,s_C_C15KVL_N001_d,815
1,s_C_AN6LCV_N001_d,2
2,s_C_AN6LCV_N001_d,139
3,s_C_AN6LCV_N001_d,168
4,s_C_AN6LCV_N001_d,194
5,s_C_AN6LCV_N001_d,219
6,s_C_AN6LCV_N001_d,246
7,s_C_AN6LCV_N001_d,275
8,s_C_AN6LCV_N001_d,308
9,s_C_AN6LCV_N001_d,350
10,s_C_AN6LCV_N001_d,413
11,s_C_AN6LCV_N001_d,966
1,s_C_89HMNL_N001_d,2
2,s_C_89HMNL_N001_d,165
3,s_C_89HMNL_N001_d,212
4,s_C_89HMNL_N001_d,253
5,s_C_89HMNL_N001_d,291
6,s_C_89HMNL_N001_d,331
7,s_C_89HMNL_N001_d,374
8,s_C_89HMNL_N001_d,422
9,s_C_89HMNL_N001_d,482
10,s_C_89HMNL_N001_d,570
11,s_C_89HMNL_N001_d,1400
1,s_C_AFN6CD_N002_d,2
2,s_C_AFN6CD_N002_d,134
3,s_C_AFN6CD_N002_d,158
4,s_C_AFN6CD_N002_d,181
5,s_C_AFN6CD_N002_d,203
6,s_C_AFN6CD_N002_d,227
7,s_C_AFN6CD_N002_d,253
8,s_C_AFN6CD_N002_d,284
9,s_C_AFN6CD_N002_d,323
10,s_C_AFN6CD_N002_d,386
11,s_C_AFN6CD_N002_d,867
1,s_C_6J9XA7_N001_d,2
2,s_C_6J9XA7_N001_d,132
3,s_C_6J9XA7_N001_d,157
4,s_C_6J9XA7_N001_d,179
5,s_C_6J9XA7_N001_d,201
6,s_C_6J9XA7_N001_d,224
7,s_C_6J9XA7_N001_d,249
8,s_C_6J9XA7_N001_d,279
9,s_C_6J9XA7_N001_d,316
10,s_C_6J9XA7_N001_d,371
11,s_C_6J9XA7_N001_d,844
1,s_C_NDFA1A_N001_d,2
2,s_C_NDFA1A_N001_d,70
3,s_C_NDFA1A_N001_d,87
4,s_C_NDFA1A_N001_d,100
5,s_C_NDFA1A_N001_d,112
6,s_C_NDFA1A_N001_d,123
7,s_C_NDFA1A_N001_d,136
8,s_C_NDFA1A_N001_d,150
9,s_C_NDFA1A_N001_d,168
10,s_C_NDFA1A_N001_d,196
11,s_C_NDFA1A_N001_d,444
1,s_C_67KC4V_N001_d,2
2,s_C_67KC4V_N001_d,63
3,s_C_67KC4V_N001_d,77
4,s_C_67KC4V_N001_d,89
5,s_C_67KC4V_N001_d,100
6,s_C_67KC4V_N001_d,112
7,s_C_67KC4V_N001_d,125
8,s_C_67KC4V_N001_d,141
9,s_C_67KC4V_N001_d,160
10,s_C_67KC4V_N001_d,191
11,s_C_67KC4V_N001_d,442
1,s_C_D86FFD_N001_d,2
2,s_C_D86FFD_N001_d,135
3,s_C_D86FFD_N001_d,159
4,s_C_D86FFD_N001_d,182
5,s_C_D86FFD_N001_d,204
6,s_C_D86FFD_N001_d,228
7,s_C_D86FFD_N001_d,253
8,s_C_D86FFD_N001_d,283
9,s_C_D86FFD_N001_d,320
10,s_C_D86FFD_N001_d,376
11,s_C_D86FFD_N001_d,857
1,s_C_M2L33T_N001_d,2
2,s_C_M2L33T_N001_d,129
3,s_C_M2L33T_N001_d,152
4,s_C_M2L33T_N001_d,173
5,s_C_M2L33T_N001_d,194
6,s_C_M2L33T_N001_d,216
7,s_C_M2L33T_N001_d,240
8,s_C_M2L33T_N001_d,268
9,s_C_M2L33T_N001_d,303
10,s_C_M2L33T_N001_d,356
11,s_C_M2L33T_N001_d,806
1,s_C_7KNWJW_N001_d,2
2,s_C_7KNWJW_N001_d,83
3,s_C_7KNWJW_N001_d,100
4,s_C_7KNWJW_N001_d,115
5,s_C_7KNWJW_N001_d,129
6,s_C_7KNWJW_N001_d,144
7,s_C_7KNWJW_N001_d,162
8,s_C_7KNWJW_N001_d,182
9,s_C_7KNWJW_N001_d,210
10,s_C_7KNWJW_N001_d,254
11,s_C_7KNWJW_N001_d,565
1,s_C_92CKWJ_N001_d,2
2,s_C_92CKWJ_N001_d,151
3,s_C_92CKWJ_N001_d,184
4,s_C_92CKWJ_N001_d,214
5,s_C_92CKWJ_N001_d,244
6,s_C_92CKWJ_N001_d,274
7,s_C_92CKWJ_N001_d,307
8,s_C_92CKWJ_N001_d,345
9,s_C_92CKWJ_N001_d,392
10,s_C_92CKWJ_N001_d,461
11,s_C_92CKWJ_N001_d,1093
1,s_C_4TA5ER_N002_d,2
2,s_C_4TA5ER_N002_d,88
3,s_C_4TA5ER_N002_d,109
4,s_C_4TA5ER_N002_d,127
5,s_C_4TA5ER_N002_d,144
6,s_C_4TA5ER_N002_d,162
7,s_C_4TA5ER_N002_d,181
8,s_C_4TA5ER_N002_d,203
9,s_C_4TA5ER_N002_d,232
10,s_C_4TA5ER_N002_d,278
11,s_C_4TA5ER_N002_d,642
1,s_C_T246L8_N001_d,2
2,s_C_T246L8_N001_d,137
3,s_C_T246L8_N001_d,163
4,s_C_T246L8_N001_d,187
5,s_C_T246L8_N001_d,210
6,s_C_T246L8_N001_d,235
7,s_C_T246L8_N001_d,262
8,s_C_T246L8_N001_d,294
9,s_C_T246L8_N001_d,333
10,s_C_T246L8_N001_d,392
11,s_C_T246L8_N001_d,895
1,s_C_04ARH0_X004_d,2
2,s_C_04ARH0_X004_d,130
3,s_C_04ARH0_X004_d,152
4,s_C_04ARH0_X004_d,172
5,s_C_04ARH0_X004_d,193
6,s_C_04ARH0_X004_d,214
7,s_C_04ARH0_X004_d,237
8,s_C_04ARH0_X004_d,264
9,s_C_04ARH0_X004_d,298
10,s_C_04ARH0_X004_d,347
11,s_C_04ARH0_X004_d,784
1,s_C_89C4M2_N001_d,2
2,s_C_89C4M2_N001_d,136
3,s_C_89C4M2_N001_d,162
4,s_C_89C4M2_N001_d,185
5,s_C_89C4M2_N001_d,209
6,s_C_89C4M2_N001_d,233
7,s_C_89C4M2_N001_d,260
8,s_C_89C4M2_N001_d,291
9,s_C_89C4M2_N001_d,330
10,s_C_89C4M2_N001_d,388
11,s_C_89C4M2_N001_d,893
1,s_C_UF0V3D_N001_d,2
2,s_C_UF0V3D_N001_d,123
3,s_C_UF0V3D_N001_d,156
4,s_C_UF0V3D_N001_d,182
5,s_C_UF0V3D_N001_d,204
6,s_C_UF0V3D_N001_d,229
7,s_C_UF0V3D_N001_d,258
8,s_C_UF0V3D_N001_d,293
9,s_C_UF0V3D_N001_d,336
10,s_C_UF0V3D_N001_d,391
11,s_C_UF0V3D_N001_d,918
1,s_C_LE0374_N001_d,2
2,s_C_LE0374_N001_d,137
3,s_C_LE0374_N001_d,163
4,s_C_LE0374_N001_d,187
5,s_C_LE0374_N001_d,211
6,s_C_LE0374_N001_d,236
7,s_C_LE0374_N001_d,264
8,s_C_LE0374_N001_d,296
9,s_C_LE0374_N001_d,336
10,s_C_LE0374_N001_d,395
11,s_C_LE0374_N001_d,906
1,s_C_5P36AD_N001_d,2
2,s_C_5P36AD_N001_d,126
3,s_C_5P36AD_N001_d,149
4,s_C_5P36AD_N001_d,170
5,s_C_5P36AD_N001_d,190
6,s_C_5P36AD_N001_d,211
7,s_C_5P36AD_N001_d,236
8,s_C_5P36AD_N001_d,265
9,s_C_5P36AD_N001_d,303
10,s_C_5P36AD_N001_d,357
11,s_C_5P36AD_N001_d,802
1,s_C_357JF7_N001_d,2
2,s_C_357JF7_N001_d,63
3,s_C_357JF7_N001_d,75
4,s_C_357JF7_N001_d,86
5,s_C_357JF7_N001_d,96
6,s_C_357JF7_N001_d,105
7,s_C_357JF7_N001_d,116
8,s_C_357JF7_N001_d,127
9,s_C_357JF7_N001_d,142
10,s_C_357JF7_N001_d,165
11,s_C_357JF7_N001_d,376
1,s_C_298CT0_N001_d,2
2,s_C_298CT0_N001_d,133
3,s_C_298CT0_N001_d,164
4,s_C_298CT0_N001_d,191
5,s_C_298CT0_N001_d,217
6,s_C_298CT0_N001_d,245
7,s_C_298CT0_N001_d,275
8,s_C_298CT0_N001_d,309
9,s_C_298CT0_N001_d,352
10,s_C_298CT0_N001_d,416
11,s_C_298CT0_N001_d,985
1,s_C_W4WRCC_N001_d,2
2,s_C_W4WRCC_N001_d,64
3,s_C_W4WRCC_N001_d,79
4,s_C_W4WRCC_N001_d,93
5,s_C_W4WRCC_N001_d,106
6,s_C_W4WRCC_N001_d,119
7,s_C_W4WRCC_N001_d,134
8,s_C_W4WRCC_N001_d,151
9,s_C_W4WRCC_N001_d,175
10,s_C_W4WRCC_N001_d,213
11,s_C_W4WRCC_N001_d,490
1,s_C_VYYFDM_N001_d,2
2,s_C_VYYFDM_N001_d,129
3,s_C_VYYFDM_N001_d,153
4,s_C_VYYFDM_N001_d,174
5,s_C_VYYFDM_N001_d,195
6,s_C_VYYFDM_N001_d,217
7,s_C_VYYFDM_N001_d,240
8,s_C_VYYFDM_N001_d,268
9,s_C_VYYFDM_N001_d,302
10,s_C_VYYFDM_N001_d,353
11,s_C_VYYFDM_N001_d,806
1,s_C_MP6REX_N001_d,2
2,s_C_MP6REX_N001_d,133
3,s_C_MP6REX_N001_d,156
4,s_C_MP6REX_N001_d,178
5,s_C_MP6REX_N001_d,199
6,s_C_MP6REX_N001_d,221
7,s_C_MP6REX_N001_d,245
8,s_C_MP6REX_N001_d,273
9,s_C_MP6REX_N001_d,308
10,s_C_MP6REX_N001_d,361
11,s_C_MP6REX_N001_d,821
1,s_C_00N9DW_N001_d,2
2,s_C_00N9DW_N001_d,55
3,s_C_00N9DW_N001_d,65
4,s_C_00N9DW_N001_d,75
5,s_C_00N9DW_N001_d,85
6,s_C_00N9DW_N001_d,95
7,s_C_00N9DW_N001_d,106
8,s_C_00N9DW_N001_d,118
9,s_C_00N9DW_N001_d,134
10,s_C_00N9DW_N001_d,159
11,s_C_00N9DW_N001_d,365
1,s_C_7X52D1_N001_d,2
2,s_C_7X52D1_N001_d,138
3,s_C_7X52D1_N001_d,166
4,s_C_7X52D1_N001_d,192
5,s_C_7X52D1_N001_d,217
6,s_C_7X52D1_N001_d,243
7,s_C_7X52D1_N001_d,271
8,s_C_7X52D1_N001_d,303
9,s_C_7X52D1_N001_d,343
10,s_C_7X52D1_N001_d,403
11,s_C_7X52D1_N001_d,943
1,s_C_T5AE02_N001_d,2
2,s_C_T5AE02_N001_d,131
3,s_C_T5AE02_N001_d,154
4,s_C_T5AE02_N001_d,176
5,s_C_T5AE02_N001_d,197
6,s_C_T5AE02_N001_d,219
7,s_C_T5AE02_N001_d,243
8,s_C_T5AE02_N001_d,270
9,s_C_T5AE02_N001_d,305
10,s_C_T5AE02_N001_d,358
11,s_C_T5AE02_N001_d,809
1,s_C_A83PUJ_N001_d,2
2,s_C_A83PUJ_N001_d,130
3,s_C_A83PUJ_N001_d,154
4,s_C_A83PUJ_N001_d,175
5,s_C_A83PUJ_N001_d,197
6,s_C_A83PUJ_N001_d,219
7,s_C_A83PUJ_N001_d,243
8,s_C_A83PUJ_N001_d,271
9,s_C_A83PUJ_N001_d,306
10,s_C_A83PUJ_N001_d,358
11,s_C_A83PUJ_N001_d,813
1,s_C_VL12TJ_N001_d,2
2,s_C_VL12TJ_N001_d,68
3,s_C_VL12TJ_N001_d,85
4,s_C_VL12TJ_N001_d,99
5,s_C_VL12TJ_N001_d,111
6,s_C_VL12TJ_N001_d,123
7,s_C_VL12TJ_N001_d,135
8,s_C_VL12TJ_N001_d,149
9,s_C_VL12TJ_N001_d,168
10,s_C_VL12TJ_N001_d,198
11,s_C_VL12TJ_N001_d,453
1,s_C_JLMFY4_N001_d,2
2,s_C_JLMFY4_N001_d,129
3,s_C_JLMFY4_N001_d,151
4,s_C_JLMFY4_N001_d,170
5,s_C_JLMFY4_N001_d,190
6,s_C_JLMFY4_N001_d,210
7,s_C_JLMFY4_N001_d,232
8,s_C_JLMFY4_N001_d,258
9,s_C_JLMFY4_N001_d,291
10,s_C_JLMFY4_N001_d,340
11,s_C_JLMFY4_N001_d,760
1,s_C_25H5PC_N001_d,2
2,s_C_25H5PC_N001_d,130
3,s_C_25H5PC_N001_d,152
4,s_C_25H5PC_N001_d,173
5,s_C_25H5PC_N001_d,194
6,s_C_25H5PC_N001_d,215
7,s_C_25H5PC_N001_d,239
8,s_C_25H5PC_N001_d,266
9,s_C_25H5PC_N001_d,301
10,s_C_25H5PC_N001_d,352
11,s_C_25H5PC_N001_d,795
1,s_C_L6W2CJ_N001_d,2
2,s_C_L6W2CJ_N001_d,131
3,s_C_L6W2CJ_N001_d,154
4,s_C_L6W2CJ_N001_d,175
5,s_C_L6W2CJ_N001_d,196
6,s_C_L6W2CJ_N001_d,218
7,s_C_L6W2CJ_N001_d,242
8,s_C_L6W2CJ_N001_d,270
9,s_C_L6W2CJ_N001_d,305
10,s_C_L6W2CJ_N001_d,357
11,s_C_L6W2CJ_N001_d,808
1,s_C_89XN1C_N001_d,2
2,s_C_89XN1C_N001_d,118
3,s_C_89XN1C_N001_d,142
4,s_C_89XN1C_N001_d,164
5,s_C_89XN1C_N001_d,186
6,s_C_89XN1C_N001_d,209
7,s_C_89XN1C_N001_d,234
8,s_C_89XN1C_N001_d,264
9,s_C_89XN1C_N001_d,302
10,s_C_89XN1C_N001_d,360
11,s_C_89XN1C_N001_d,829
1,s_C_WNJMJL_N001_d,2
2,s_C_WNJMJL_N001_d,135
3,s_C_WNJMJL_N001_d,160
4,s_C_WNJMJL_N001_d,184
5,s_C_WNJMJL_N001_d,206
6,s_C_WNJMJL_N001_d,230
7,s_C_WNJMJL_N001_d,257
8,s_C_WNJMJL_N001_d,287
9,s_C_WNJMJL_N001_d,325
10,s_C_WNJMJL_N001_d,382
11,s_C_WNJMJL_N001_d,879
1,s_C_AHNE99_N001_d,2
2,s_C_AHNE99_N001_d,129
3,s_C_AHNE99_N001_d,151
4,s_C_AHNE99_N001_d,171
5,s_C_AHNE99_N001_d,191
6,s_C_AHNE99_N001_d,212
7,s_C_AHNE99_N001_d,235
8,s_C_AHNE99_N001_d,262
9,s_C_AHNE99_N001_d,295
10,s_C_AHNE99_N001_d,345
11,s_C_AHNE99_N001_d,771
1,s_C_372JW9_N001_d,2
2,s_C_372JW9_N001_d,105
3,s_C_372JW9_N001_d,122
4,s_C_372JW9_N001_d,136
5,s_C_372JW9_N001_d,151
6,s_C_372JW9_N001_d,166
7,s_C_372JW9_N001_d,183
8,s_C_372JW9_N001_d,203
9,s_C_372JW9_N001_d,230
10,s_C_372JW9_N001_d,271
11,s_C_372JW9_N001_d,576
1,s_C_02CV97_N001_d,2
2,s_C_02CV97_N001_d,145
3,s_C_02CV97_N001_d,176
4,s_C_02CV97_N001_d,204
5,s_C_02CV97_N001_d,232
6,s_C_02CV97_N001_d,260
7,s_C_02CV97_N001_d,291
8,s_C_02CV97_N001_d,326
9,s_C_02CV97_N001_d,370
10,s_C_02CV97_N001_d,436
11,s_C_02CV97_N001_d,1020
1,s_C_KEU67X_N001_d,2
2,s_C_KEU67X_N001_d,126
3,s_C_KEU67X_N001_d,162
4,s_C_KEU67X_N001_d,191
5,s_C_KEU67X_N001_d,219
6,s_C_KEU67X_N001_d,247
7,s_C_KEU67X_N001_d,277
8,s_C_KEU67X_N001_d,310
9,s_C_KEU67X_N001_d,350
10,s_C_KEU67X_N001_d,410
11,s_C_KEU67X_N001_d,997
1,s_C_560HVF_N001_d,2
2,s_C_560HVF_N001_d,135
3,s_C_560HVF_N001_d,161
4,s_C_560HVF_N001_d,183
5,s_C_560HVF_N001_d,206
6,s_C_560HVF_N001_d,230
7,s_C_560HVF_N001_d,256
8,s_C_560HVF_N001_d,285
9,s_C_560HVF_N001_d,323
10,s_C_560HVF_N001_d,379
11,s_C_560HVF_N001_d,870
1,s_C_EKXV7Y_N001_d,2
2,s_C_EKXV7Y_N001_d,133
3,s_C_EKXV7Y_N001_d,158
4,s_C_EKXV7Y_N001_d,180
5,s_C_EKXV7Y_N001_d,202
6,s_C_EKXV7Y_N001_d,224
7,s_C_EKXV7Y_N001_d,249
8,s_C_EKXV7Y_N001_d,278
9,s_C_EKXV7Y_N001_d,314
10,s_C_EKXV7Y_N001_d,367
11,s_C_EKXV7Y_N001_d,834
1,s_C_XFUN85_N001_d,2
2,s_C_XFUN85_N001_d,138
3,s_C_XFUN85_N001_d,167
4,s_C_XFUN85_N001_d,193
5,s_C_XFUN85_N001_d,219
6,s_C_XFUN85_N001_d,245
7,s_C_XFUN85_N001_d,273
8,s_C_XFUN85_N001_d,305
9,s_C_XFUN85_N001_d,345
10,s_C_XFUN85_N001_d,404
11,s_C_XFUN85_N001_d,945
1,s_C_2UWNTM_N001_d,2
2,s_C_2UWNTM_N001_d,101
3,s_C_2UWNTM_N001_d,120
4,s_C_2UWNTM_N001_d,135
5,s_C_2UWNTM_N001_d,149
6,s_C_2UWNTM_N001_d,164
7,s_C_2UWNTM_N001_d,181
8,s_C_2UWNTM_N001_d,201
9,s_C_2UWNTM_N001_d,226
10,s_C_2UWNTM_N001_d,267
11,s_C_2UWNTM_N001_d,574
1,s_C_001605_N002_d,2
2,s_C_001605_N002_d,93
3,s_C_001605_N002_d,116
4,s_C_001605_N002_d,134
5,s_C_001605_N002_d,152
6,s_C_001605_N002_d,170
7,s_C_001605_N002_d,190
8,s_C_001605_N002_d,212
9,s_C_001605_N002_d,240
10,s_C_001605_N002_d,281
11,s_C_001605_N002_d,660
1,s_C_RUV1L3_N001_d,2
2,s_C_RUV1L3_N001_d,137
3,s_C_RUV1L3_N001_d,161
4,s_C_RUV1L3_N001_d,182
5,s_C_RUV1L3_N001_d,203
6,s_C_RUV1L3_N001_d,224
7,s_C_RUV1L3_N001_d,248
8,s_C_RUV1L3_N001_d,274
9,s_C_RUV1L3_N001_d,308
10,s_C_RUV1L3_N001_d,358
11,s_C_RUV1L3_N001_d,804
1,s_C_8R51A3_N002_d,2
2,s_C_8R51A3_N002_d,132
3,s_C_8R51A3_N002_d,158
4,s_C_8R51A3_N002_d,182
5,s_C_8R51A3_N002_d,205
6,s_C_8R51A3_N002_d,229
7,s_C_8R51A3_N002_d,255
8,s_C_8R51A3_N002_d,286
9,s_C_8R51A3_N002_d,323
10,s_C_8R51A3_N002_d,379
11,s_C_8R51A3_N002_d,879
1,s_C_R0L2VN_N001_d,2
2,s_C_R0L2VN_N001_d,149
3,s_C_R0L2VN_N001_d,181
4,s_C_R0L2VN_N001_d,211
5,s_C_R0L2VN_N001_d,241
6,s_C_R0L2VN_N001_d,271
7,s_C_R0L2VN_N001_d,304
8,s_C_R0L2VN_N001_d,342
9,s_C_R0L2VN_N001_d,389
10,s_C_R0L2VN_N001_d,459
11,s_C_R0L2VN_N001_d,1089
1,s_C_PYNFXV_N001_d,2
2,s_C_PYNFXV_N001_d,129
3,s_C_PYNFXV_N001_d,152
4,s_C_PYNFXV_N001_d,173
5,s_C_PYNFXV_N001_d,193
6,s_C_PYNFXV_N001_d,215
7,s_C_PYNFXV_N001_d,238
8,s_C_PYNFXV_N001_d,265
9,s_C_PYNFXV_N001_d,299
10,s_C_PYNFXV_N001_d,350
11,s_C_PYNFXV_N001_d,795
